PAA Title,Parent,Text,URL,URL Title
Is Elon Musk a trillionaire?,elon musk,,/search?num=10&newwindow=1&sca_esv=0b6cd31ca70c40ac&q=SpaceX&sa=X&ved=2ahUKEwjtituH_tORAxUPJEQIHcQDMiEQxccNegUIzQEQAQ,
What is Musk diagnosed with?,elon musk,"  Is Elon Musk Autistic? Yes, Elon Musk has admitted to having Asperger's, a form of Autism Spectrum Disorder. Musk admitted to having Asperger's while starring as a guest on the famed weekend comedy series Saturday Night Live, or SNL.","https://www.thetreetop.com/aba-therapy/is-elon-musk-autistic#:~:text=Is%20Elon%20Musk%20Autistic%3F,Saturday%20Night%20Live%2C%20or%20SNL.",Does Elon Musk Have Autism Or Asperger's?
How many children does Elon Musk have?,elon musk,"  Here's everything to know about Elon Musk's 14 children: Nevada, Vivian, Griffin, Kai, Saxon, Damian, X Æ A-12, Exa, Strider, Azure, Techno, Arcadia, Seldon Lycurgus and Romulus.","https://people.com/all-about-elon-musk-children-11678749#:~:text=Here's%20everything%20to%20know%20about,Arcadia%2C%20Seldon%20Lycurgus%20and%20Romulus.",Elon Musk's 14 Children: All About the Tesla CEO's Sons and Daughters
How has Elon Musk become rich?,elon musk,"But the vast majority of Musk's wealth comes from his 12% stake in EV car business Tesla, and 42% share of rocket company SpaceX. He also owns around 33% of XAI Holdings, valued at roughly $105 billion by Bloomberg, following a merger with X and AI startup xAI. 7 days ago","https://fortune.com/2025/12/16/elon-musk-wealth-soared-past-600-billion-now-worth-double-next-richest-person-alive-larry-page-spacex-valuation/#:~:text=But%20the%20vast%20majority%20of,X%20and%20AI%20startup%20xAI.",Elon Musk's wealth has soared past $600 billion—he's now worth ...
Who is the #1 richest family?,Is Elon Musk a trillionaire?,,/search?num=10&newwindow=1&sca_esv=283b61cf11016ab2&cs=0&q=Walton+Family&sa=X&ved=2ahUKEwjz9_qY_tORAxVaIUQIHW86D4sQxccNegQIBxAB,
What did Elon Musk sell at 12 years old?,Is Elon Musk a trillionaire?,"At age ten, he developed an interest in computing and video games, teaching himself how to program from the VIC-20 user manual. At age twelve, Elon sold his BASIC-based game Blastar to PC and Office Technology magazine for approximately $500 (equivalent to $1,600 in 2024).",,
Does Mark Zuckerberg have a disability?,How many children does Elon Musk have?,"To sum up, Mark Zuckerberg has publicly acknowledged that he has a mild form of autism, now included under the umbrella of the autism spectrum. Despite certain traits associated with autism, it's vital to steer clear of assumptions based on a diagnosis. Autism, with its complexity, affects everyone differently.","https://autismcoe.com/blog/aba-therapy/is-mark-zuckerberg-autistic-a-closer-look/#:~:text=To%20sum%20up%2C%20Mark%20Zuckerberg,its%20complexity%2C%20affects%20everyone%20differently.",Is Mark Zuckerberg Autistic? - A Closer Look - AutismCOE
What surgery did Musk have?,How many children does Elon Musk have?,,,
Does Elon have any health issues?,How many children does Elon Musk have?,,,
What billionaire has 12 kids?,Who is the #1 richest family?,"  Elon Musk  Elon Musk is the founder, CEO and chief engineer of SpaceX; the CEO of Tesla, Inc.; the owner and former CEO of Twitter (now ""X""); the co-founder of Neuralink and OpenAI; and the father of 12—possibly 13—children. Here is everything we know about the billionaire's brood. Feb 15, 2025","https://www.yahoo.com/entertainment/elon-musk-trying-repopulate-earth-012429623.html#:~:text=Elon%20Musk%20is%20the%20founder,know%20about%20the%20billionaire's%20brood.",Elon Musk's 12 Children: All About the Controversial Billionaire's Many Kids
Can Elon Musk run for president?,Who is the #1 richest family?,"Musk, who was born in South Africa, is ineligible to run for the presidency or the vice presidency of the United States under the provisions of the United States Constitution.","https://en.wikipedia.org/wiki/Political_activities_of_Elon_Musk#:~:text=Musk%2C%20who%20was%20born%20in,of%20the%20United%20States%20Constitution.",Political activities of Elon Musk - Wikipedia
Where does Elon Musk live?,Who is the #1 richest family?,,"/search?num=10&newwindow=1&sca_esv=0b6cd31ca70c40ac&cs=0&q=Austin,+Texas&sa=X&ved=2ahUKEwiQ1JKg_tORAxWxOkQIHYAIIGoQxccNegQILxAD",
Who will be the 1st trillionaire?,Does Mark Zuckerberg have a disability?,,,
What is Elon Musk's 1 hour rule?,Does Mark Zuckerberg have a disability?,,,
Does Elon Musk pay taxes?,Does Mark Zuckerberg have a disability?,,,
Who is the richest child ever?,Does Elon have any health issues?,,/search?num=10&newwindow=1&sca_esv=283b61cf11016ab2&cs=0&q=Blue+Ivy+Carter&sa=X&ved=2ahUKEwj9qvum_tORAxV4I0QIHTrIAVcQxccNegQIPhAB,
Is there a family that is a trillionaire?,Does Elon have any health issues?,,/search?num=10&newwindow=1&sca_esv=283b61cf11016ab2&cs=0&q=Saudi+Aramco&sa=X&ved=2ahUKEwj9qvum_tORAxV4I0QIHTrIAVcQxccNegQILRAC,
Who is the wealthiest person on Earth?,Does Elon have any health issues?,,/search?num=10&newwindow=1&sca_esv=283b61cf11016ab2&cs=0&q=Larry+Ellison&sa=X&ved=2ahUKEwj9qvum_tORAxV4I0QIHTrIAVcQxccNegQIYhAC,
Does Musk believe in God?,Can Elon Musk run for president?,,/search?newwindow=1&sca_esv=0b6cd31ca70c40ac&cs=0&udm=50&q=Does+Musk+believe+in+God%3F+Explain+%22cultural+Christian%22&aep=64&sa=X&ved=2ahUKEwj-vLmp_tORAxX7J0QIHe4XJY8Qy8AQKAB6BAgHEAc,
What is Elon Musk diagnosed with?,Can Elon Musk run for president?,,,
What does 42 mean to Elon Musk?,Can Elon Musk run for president?,,,
What millionaire has autism?,Who will be the 1st trillionaire?,"Elon Musk  Elon Musk     What many people don't know is that he has been diagnosed with Asperger's syndrome, which is a form of autism. Despite the challenges that come with his condition, Musk has managed to become one of the wealthiest people in the world and continues to push boundaries in space exploration and sustainable energy.","https://www.totalcareaba.com/autism/famous-people-with-autism#:~:text=Elon%20Musk&text=What%20many%20people%20don't,space%20exploration%20and%20sustainable%20energy.","14 Famous People With Autism (Celebrities, Musicians, Actors)"
What is Zuckerberg's IQ?,Who will be the 1st trillionaire?,,https://medium.com/@Stillinking/iq-of-billionaires-3b7518d572c2,
What disability does Bill Gates have?,Who will be the 1st trillionaire?,,/search?num=10&newwindow=1&sca_esv=0b6cd31ca70c40ac&cs=0&q=Asperger%27s+syndrome&sa=X&ved=2ahUKEwiB892r_tORAxUQB7wBHSW7MsgQxccNegQIRxAB,
What is going on with Elon Musk's eyes?,Does Elon Musk pay taxes?,,https://www.youtube.com/watch?v=XuQphK5f95M,Elon Musk explains what happened to his eye - YouTube
How many hair transplants has Elon Musk had?,Does Elon Musk pay taxes?,,/search?num=10&newwindow=1&sca_esv=0b6cd31ca70c40ac&cs=0&q=First+Transplant+(Mid-2000s)&sa=X&ved=2ahUKEwiAlP-t_tORAxUkmO4BHT9pG1gQxccNegQIMhAD,
How big is Elon Musk physically?,Does Elon Musk pay taxes?,"Elon Musk stands at 6 feet 2 inches (187 cm), making him taller than many of his peers in the tech industry. His height, combined with his presence, makes him a commanding figure at public events. May 13, 2025","https://coinpaper.com/6035/elon-musk-height-his-height-wealth-and-innovations#:~:text=Elon%20Musk%20stands%20at%206,commanding%20figure%20at%20public%20events.","How Tall Is Elon Musk: His Height, Family & Net Worth - Coinpaper"
What is the Elon Musk 5 hour rule?,Is there a family that is a trillionaire?,,https://bigthinkmedia.substack.com/p/the-5-hour-rule-how-to-turn-a-wasted,
What are Elon Musk's favorite foods?,Is there a family that is a trillionaire?,,https://medium.com/@breton.whalen/eat-like-elon-odd-choices-that-fuel-the-mastermind-b72b6be96fec,
What is Elon Musk's abnormal behavior?,Is there a family that is a trillionaire?,"Drew Pinsky claims that Elon Musk shows signs of hypomania — a mental condition marked by high energy, impulsive decisions, and mood elevation. It doesn't require hospitalization but can deeply affect behavior. Jun 9, 2025","https://www.instagram.com/p/DKq-eWOxuLo/#:~:text=Dr.-,Drew%20Pinsky%20claims%20that%20Elon%20Musk%20shows%20signs%20of%20hypomania,but%20can%20deeply%20affect%20behavior.",Is hypomania the reason behind Elon Musk's unpredictable behavior? Dr ...
What billionaire has 100 kids?,Does Musk believe in God?,,https://www.wsj.com/us-news/chinese-billionaires-surrogacy-pregnancy-7fdfc0c3,
Which kid is a trillionaire?,Does Musk believe in God?,,,
Who is the richest child on Earth?,Does Musk believe in God?,,,
Does Elon Musk like Obama?,What does 42 mean to Elon Musk?,"Doesn't mean I'm moderate about all issues. Humanitarian issues are extremely important to me & I don't understand why they are not important to everyone. Before embracing Donald Trump in 2024 election cycle, Musk was known to have supported Barack Obama, Hillary Clinton, and even Joe Biden in 2020.","https://en.wikipedia.org/wiki/Views_of_Elon_Musk#:~:text=Doesn't%20mean%20I'm,are%20not%20important%20to%20everyone.&text=Before%20embracing%20Donald%20Trump%20in,even%20Joe%20Biden%20in%202020.",Views of Elon Musk - Wikipedia
Is Elon Musk supporting Trump?,What does 42 mean to Elon Musk?,,"https://www.pbs.org/newshour/show/how-elon-musk-gained-so-much-power-in-the-trump-administration#:~:text=Though%20he%20initially%20didn't,to%20one%20of%20its%20rallies.",
Is Elon Musk self taught?,What does 42 mean to Elon Musk?,"Over time, Elon Musk taught himself applied physics and became a self-taught rocket scientist, leading SpaceX to remarkable achievements. Dec 11, 2024","https://shivammore.medium.com/how-young-elon-musk-learned-everything-the-secret-behind-his-success-1995a29cfc1c#:~:text=Over%20time%2C%20Elon%20Musk%20taught,leading%20SpaceX%20to%20remarkable%20achievements.",How Young Elon Musk Learned Everything: The Secret Behind His ...
What car does Elon Musk drive?,What is Zuckerberg's IQ?,,/search?num=10&newwindow=1&sca_esv=0b6cd31ca70c40ac&cs=0&q=Model+S+Performance&sa=X&ved=2ahUKEwjC9cS3_tORAxVQIUQIHcrRKZoQxccNegQIBRAB,
Which billionaire has the smallest house?,What is Zuckerberg's IQ?,,https://www.youtube.com/watch?v=ZhrPauoSRDE,"Elon Musk, the second-richest man in the world, lives in a $50K tiny home"
How do I contact Elon Musk?,What is Zuckerberg's IQ?,,/search?num=10&newwindow=1&sca_esv=0b6cd31ca70c40ac&cs=0&q=Press%40tesla.com&sa=X&ved=2ahUKEwjC9cS3_tORAxVQIUQIHcrRKZoQxccNegQIGRAB,
Who is the #1 richest family?,What is going on with Elon Musk's eyes?,,/search?num=10&newwindow=1&sca_esv=0b6cd31ca70c40ac&cs=0&q=Walton+Family&sa=X&ved=2ahUKEwiGlPW5_tORAxUUJEQIHYTUJKkQxccNegQIQBAB,
What can you buy with $1 trillion dollars?,What is going on with Elon Musk's eyes?,,"https://www.cnn.com/2025/11/06/business/elon-musk-trillion-dollars#:~:text=Though%20you'll%20need%20to,for%20everyone%20on%20the%20planet.",
Who has 400 billion dollars?,What is going on with Elon Musk's eyes?,,"https://www.cnn.com/2024/12/11/business/elon-musk-400-billion-net-worth#:~:text=Elon%20Musk%20becomes%20the%20first,of%20$400%20billion%20%7C%20CNN%20Business",
How long does Elon sleep a day?,How big is Elon Musk physically?,"Musk told The Wall Street Journal in 2023 that he usually goes to bed around 3 a.m. and sleeps for six hours. So, he's typically waking up around 9 a.m. each day. Dec 10, 2025","https://www.businessinsider.com/elon-musk-daily-schedule#:~:text=Musk%20told%20The%20Wall%20Street,around%209%20a.m.%20each%20day.","Elon Musk's Daily Routine, From Morning Donuts to Upping His Sleep."
Is Elon Musk workaholic?,How big is Elon Musk physically?,,/search?num=10&newwindow=1&sca_esv=0b6cd31ca70c40ac&cs=0&q=Elon+Musk+is+considered+a+workaholic&sa=X&ved=2ahUKEwjHrqe8_tORAxX4KEQIHRaDJDwQxccNegQICRAB,
What are the 4 rules of Elon Musk?,How big is Elon Musk physically?,"Four rules from Elon's playbook every founder should steal: 1) Solve problems in the right order. 2) Find a non-obvious solution to the obvious problem. 3) Build for tomorrow's constraints. 4) Turn customers into advocates. Sep 11, 2025","https://www.linkedin.com/posts/hnshah_four-rules-from-elons-playbook-every-founder-activity-7371912980642344960-SpeX#:~:text=Four%20rules%20from%20Elon's%20playbook,4)%20Turn%20customers%20into%20advocates.","Elon's 4 rules for founders: solve problems, find solutions, build for ..."
Who is the richest man in the world?,What are Elon Musk's favorite foods?,,/search?num=10&newwindow=1&sca_esv=0b6cd31ca70c40ac&cs=0&q=Mark+Zuckerberg&sa=X&ved=2ahUKEwiimvrB_tORAxWXMEQIHdgpNH4QxccNegQIDhAB,
Who has paid the most taxes ever?,What are Elon Musk's favorite foods?,"Berkshire Hathaway's $26.8 billion tax bill for 2024 marked the largest-ever tax payment made to the U.S. government—surpassing even tech giants “that commanded market values in the trillions,” Buffett wrote. The company's 2024 tax payment reportedly amounted to 5% of the total corporate taxes collected last year. Feb 25, 2025","https://fortune.com/2025/02/25/berkshire-hathaway-taxes-warren-buffett/#:~:text=Berkshire%20Hathaway's%20%2426.8%20billion%20tax,corporate%20taxes%20collected%20last%20year.","Berkshire Hathaway paid the biggest tax bill in history last year, and ..."
Who is world's no. 1 richest actor?,Which kid is a trillionaire?,"The Top 10 Richest Actors in the World Arnold Schwarzenegger. $1.2 Billion. ...  Jerry Seinfeld. $1.2 Billion. ...  Dwayne “The Rock” Johnson. $1.19 Billion. ...  Tom Cruise. $891 Million. ...  George Clooney. $742.8 Million. American. Robert De Niro. $735.35 Million. American. Brad Pitt. $594.23 Million. American. Jack Nicholson. $590 Million. American. More items... • Oct 30, 2025",https://www.beststartupstory.com/top-10-richest-actors-in-the-world/,Top 10 Richest Actors in the World (2025) | Latest List - Best Startup Story
Who is the rich 8 year old girl?,Which kid is a trillionaire?,"Eight-year-old Charlotte is the wealthiest royal grandchild and the richest child in the world, with an estimated net worth of £3.9 billion ($5 billion). Jan 30, 2024","https://www.outdoortoys.com/blogs/campaigns/celebrity-child-rich-list#:~:text=Eight%2Dyear%2Dold%20Charlotte%20is,3.9%20billion%20(%245%20billion).",Celebrity Child Rich List - Outdoor Toys
What is the richest bloodline in the world?,Does Elon Musk like Obama?,The Walton family with $432.4 billion. The Al Nahyan family with $323.9 billion. The Al Thani family of Qatar with $172.9 billion. The Hermès family with $170.6 billion.,"https://www.investopedia.com/articles/insights/052416/top-10-wealthiest-families-world.asp#:~:text=The%20Walton%20family%20with%20%24432.4,Herm%C3%A8s%20family%20with%20%24170.6%20billion",Top 10 Wealthiest Families in the World - Investopedia
How do rich families avoid paying taxes?,Does Elon Musk like Obama?,"Billionaires often employ the “buy, borrow, die” strategy to avoid income and capital gains taxes. First, they acquire appreciating assets like stocks or real estate. Instead of selling these assets when they need cash (which would trigger capital gains tax), they borrow against them at favorable interest rates. Apr 25, 2025","https://smartasset.com/taxes/5-ways-billionaires-avoid-taxes-strategies-and-examples#:~:text=Billionaires%20often%20employ%20the%20%E2%80%9Cbuy,them%20at%20favorable%20interest%20rates.",5 Ways Billionaires Avoid Taxes: Strategies and Examples
Who will be the 1st trillionaire?,Is Elon Musk self taught?,,/search?num=10&newwindow=1&sca_esv=0b6cd31ca70c40ac&cs=0&q=Elon+Musk&sa=X&ved=2ahUKEwjzyoXM_tORAxX9DkQIHStkPNcQxccNegQIPRAB,
Is Taylor Swift or Kim Kardashian richer?,Is Elon Musk self taught?,,/search?num=10&newwindow=1&sca_esv=0b6cd31ca70c40ac&cs=0&q=SKIMS&sa=X&ved=2ahUKEwjzyoXM_tORAxX9DkQIHStkPNcQxccNegQINRAC,
What did the Bible say about Elon?,How do I contact Elon Musk?,"Elon appears in Judges 12:11–12. He was a member of the Tribe of Zebulun who served as a judge of Israel for ten years. He was preceded by Ibzan and succeeded by Abdon. Elon, along with Tola, Yair, Ibzan, and Abdon are only briefly mentioned and may be the names of clans.","https://en.wikipedia.org/wiki/Elon_(Judges)#:~:text=Elon%20appears%20in%20Judges%2012,be%20the%20names%20of%20clans.",Elon (Judges) - Wikipedia
What did Albert Einstein say about God?,How do I contact Elon Musk?,,,
How long does an Elon Musk brain chip last?,Who is the #1 richest family?,,,
What surgeries has Elon Musk had?,Who is the #1 richest family?,,,
How big is Elon Musk's IQ?,What can you buy with $1 trillion dollars?,  between 155 and 160  The debate about Elon Musk's intelligence quotient has sparked many discussions among academics and entrepreneurs. Multiple assessments and calculations estimate his IQ between 155 and 160. This places him among the world's most intellectually gifted people.,"https://thedatascientist.com/what-is-elon-musks-iq-the-surprising-truth/#:~:text=The%20debate%20about%20Elon%20Musk's,world's%20most%20intellectually%20gifted%20people.",What is Elon Musk's IQ? The Surprising Truth Behind the Numbers
What does 42 stand for in the Bible?,What can you buy with $1 trillion dollars?,,/search?num=10&newwindow=1&sca_esv=0b6cd31ca70c40ac&cs=0&q=Jesus%27+genealogy&sa=X&ved=2ahUKEwjjuNTa_tORAxXHEkQIHZKMMyAQxccNegQICRAC,
What is 90% of autism caused by?,Who has 400 billion dollars?,,,
Who was case #1 of autism?,Who has 400 billion dollars?,,,
What is Snoop Dogg's IQ?,How long does Elon sleep a day?,,https://www.imdb.com/name/nm0004879/trivia/,
What is Lady Gaga's IQ?,How long does Elon sleep a day?,,https://www.reddit.com/r/LadyGaga/comments/1byo0cg/lady_gagas_iq_is_rumored_to_be_166_and_there/,
Does Einstein have Asperger's?,Is Elon Musk workaholic?,,http://www.autism-help.org/,
Who is the most famous autistic person?,Is Elon Musk workaholic?,"Famous People with Autism Spectrum Disorder Albert Einstein—Scientist and Mathematician. ...  Dan Aykroyd—Actor and Screenwriter. ...  Anthony Hopkins—Actor. ...  Tim Burton—Movie Director. ...  Charles Darwin—Naturalist, Geologist, and Biologist. ...  Emily Dickinson—Author. ...  Bobby Fischer—Master Chess Player. More items... • Feb 24, 2022",https://www.abacenters.com/12-famous-people-with-autism/,12 Famous People with Autism - ABA Centers of America
What's the rarest eye color ever?,What are the 4 rules of Elon Musk?,,/search?num=10&newwindow=1&sca_esv=0b6cd31ca70c40ac&cs=0&q=red+or+violet&sa=X&ved=2ahUKEwiCidTd_tORAxWBJ0QIHRLCJ-0QxccNegQICBAB,
What is Elon Musk's 1 hour rule?,What are the 4 rules of Elon Musk?,,/search?num=10&newwindow=1&sca_esv=0b6cd31ca70c40ac&cs=0&q=5-Hour+Rule&sa=X&ved=2ahUKEwiCidTd_tORAxWBJ0QIHRLCJ-0QxccNegQIGxAB,
Why don't Jeff Bezos do hair transplants?,Who is the richest man in the world?,,https://www.youtube.com/watch?v=4eh7_RMTs5k,
How much do 5000 hair grafts cost?,Who is the richest man in the world?,,https://www.dentalhairclinicturkey.com/5000-grafts-hair-transplant/,
Which billionaire has the smallest house?,Who has paid the most taxes ever?,,https://www.youtube.com/watch?v=ZhrPauoSRDE,"Elon Musk, the second-richest man in the world, lives in a $50K tiny home"
What is Elon Musk diagnosed with?,Who has paid the most taxes ever?,,/search?num=10&newwindow=1&sca_esv=0b6cd31ca70c40ac&cs=0&q=Asperger%27s+Syndrome&sa=X&ved=2ahUKEwjl0Lnf_tORAxUWJUQIHZBnLcYQxccNegQIBxAB,
What does 42 mean to Elon Musk?,Who is world's no. 1 richest actor?,"So, when Deep Thought was asked what the true meaning of life was, it answered as you might think a computer would: “42”. In other words, “anything you want it to be”. Elon Musk, a tech nerd himself, had the number 42 painted on the SpaceX's Starship prototype. And the list of people crazy about 42 goes on.","https://www.opendigitalservices.com/why-42/#:~:text=So%2C%20when%20Deep%20Thought%20was,crazy%20about%2042%20goes%20on.",Why 42? - That is the spirit of ODS! - Open Digital Services
How much sleep does Elon Musk get every night?,Who is world's no. 1 richest actor?,,"https://www.cnbc.com/2023/05/18/elon-musk-sacrificing-sleep-for-productivity-gave-me-brain-pain.html#:~:text=Elon%20Musk%20says%20his%20days,of%20sleep%20per%20night%5D.%22",
Does Musk believe in God?,Who is the rich 8 year old girl?,,/search?newwindow=1&sca_esv=0b6cd31ca70c40ac&cs=0&udm=50&q=Does+Musk+believe+in+God%3F+Explain+%22cultural+Christian%22&aep=64&sa=X&ved=2ahUKEwj_4qzh_tORAxXXMEQIHR2cK9gQy8AQKAB6BAgDEAc,
What is Elon Musk's red pill?,Who is the rich 8 year old girl?,,,
Why did Elon Musk support Trump?,What is the richest bloodline in the world?,,/search?num=10&newwindow=1&sca_esv=0b6cd31ca70c40ac&cs=0&q=free+speech&sa=X&ved=2ahUKEwiZ_aPi_tORAxU1le4BHRQMAAsQxccNegQIBxAB,
What is a hidden fact about Elon Musk?,What is the richest bloodline in the world?,,/search?num=10&newwindow=1&sca_esv=0b6cd31ca70c40ac&cs=0&q=his+mother%27s+modeling+career&sa=X&ved=2ahUKEwiZ_aPi_tORAxU1le4BHRQMAAsQxccNegQIYhAB,
Who is the richest kid on earth?,How do rich families avoid paying taxes?,,/search?newwindow=1&sca_esv=0b6cd31ca70c40ac&cs=0&udm=50&q=Who+is+the+richest+kid+on+earth%3F+Tell+me+more+about+Princess+Charlotte&aep=64&sa=X&ved=2ahUKEwjZgYzj_tORAxUUJEQIHYTUJKkQy8AQKAB6BAgDEAc,
Who had 69 children?,How do rich families avoid paying taxes?,,,
What billionaire has 12 kids?,Who will be the 1st trillionaire?,"  Elon Musk  Elon Musk is the founder, CEO and chief engineer of SpaceX; the CEO of Tesla, Inc.; the owner and former CEO of Twitter (now ""X""); the co-founder of Neuralink and OpenAI; and the father of 12—possibly 13—children. Here is everything we know about the billionaire's brood. Feb 15, 2025","https://www.yahoo.com/entertainment/elon-musk-trying-repopulate-earth-012429623.html#:~:text=Elon%20Musk%20is%20the%20founder,know%20about%20the%20billionaire's%20brood.",Elon Musk's 12 Children: All About the Controversial Billionaire's Many Kids
Who is the richest 6 year old?,Who will be the 1st trillionaire?,,https://www.youtube.com/watch?v=b1LO3kStiTo,THE RICHEST KIDS IN THE WORLD 2025: Shocking Net Worths!
Which kid is a trillionaire?,Is Taylor Swift or Kim Kardashian richer?,,https://www.youtube.com/watch?v=osk-dKxWTCg,The Trillionaire Life of X Æ A Xii Musk - YouTube
Who is world's no. 1 richest actor?,Is Taylor Swift or Kim Kardashian richer?,"The Top 10 Richest Actors in the World Arnold Schwarzenegger. $1.2 Billion. ...  Jerry Seinfeld. $1.2 Billion. ...  Dwayne “The Rock” Johnson. $1.19 Billion. ...  Tom Cruise. $891 Million. ...  George Clooney. $742.8 Million. American. Robert De Niro. $735.35 Million. American. Brad Pitt. $594.23 Million. American. Jack Nicholson. $590 Million. American. More items... • Oct 30, 2025",https://www.beststartupstory.com/top-10-richest-actors-in-the-world/,Top 10 Richest Actors in the World (2025) | Latest List - Best Startup Story
How much did Elon Musk donate to Trump?,What did Albert Einstein say about God?,,,
Why are people protesting against Elon Musk?,What did Albert Einstein say about God?,,,
Who is the top 10 richest man in the world?,What surgeries has Elon Musk had?,,/search?num=10&newwindow=1&sca_esv=0b6cd31ca70c40ac&cs=0&q=Elon+Musk&sa=X&ved=2ahUKEwjoibfp_tORAxWzKEQIHeD1I40QxccNegQICRAB,
Is Donald Trump left or right wing?,What surgeries has Elon Musk had?,,https://news.berkeley.edu/2025/01/21/theres-a-term-for-trumps-political-style-authoritarian-populism/#:~:text=There's%20a%20term%20for%20Trump's%20political%20style:%20authoritarian%20populism%20%2D%20Berkeley%20News,
How many hours sleeps Elon Musk?,What does 42 stand for in the Bible?,,"https://www.cnbc.com/2023/05/18/elon-musk-sacrificing-sleep-for-productivity-gave-me-brain-pain.html#:~:text=Elon%20Musk%20says%20his%20days,of%20sleep%20per%20night%5D.%22",
Did Elon Musk say he believes in God?,What does 42 stand for in the Bible?,"Elon Musk rarely talks about his spiritual beliefs, but the billionaire opened up on the Katie Miller podcast about his faith in God. Dec 9, 2025","https://www.facebook.com/SkyNewsAustralia/videos/elon-musk-makes-srunning-rare-admission-about-faith-in-god/2085429378942193/#:~:text=faith%20in%20God-,Elon%20Musk%20rarely%20talks%20about%20his%20spiritual%20beliefs%2C%20but%20the,about%20his%20faith%20in%20God.",Elon Musk makes srunning rare admission about faith in God
What car does Taylor Swift drive?,What is 90% of autism caused by?,,/search?num=10&newwindow=1&sca_esv=0b6cd31ca70c40ac&cs=0&q=Pink+Chevrolet+Silverado&sa=X&ved=2ahUKEwiYy_Dt_tORAxXkI0QIHZfEDssQxccNegQIBRAB,
What if I invested $1000 in Tesla 5 years ago?,What is 90% of autism caused by?,"Tesla bears may not have noticed it, but Tesla profits are forecast to 3x over the next five years. I won't keep you in suspense. The answer is: $8,862.79. That's how much money you'd have today if you had invested $1,000 in Tesla (TSLA 0.45%) stock five years ago -- and it's a pretty nice return, right? Apr 17, 2024","https://www.fool.com/investing/2024/04/17/if-youd-invested-1000-in-tesla-5-years-ago-heres-h/#:~:text=Tesla%20bears%20may%20not%20have,a%20pretty%20nice%20return%2C%20right%3F","If You'd Invested $1,000 in Tesla 5 Years Ago, Here's ... - The Motley Fool"
Who is close to a trillionaire?,What is Snoop Dogg's IQ?,,/search?num=10&newwindow=1&sca_esv=0b6cd31ca70c40ac&cs=0&q=Tesla&sa=X&ved=2ahUKEwjKyoLy_tORAxXul-4BHcd-J5UQxccNegQICBAC,
What cars does Elon Musk drive?,What is Snoop Dogg's IQ?,,/search?num=10&newwindow=1&sca_esv=0b6cd31ca70c40ac&cs=0&q=McLaren+F1&sa=X&ved=2ahUKEwjKyoLy_tORAxXul-4BHcd-J5UQxccNegQIDhAB,
Can you send Elon Musk a message?,What is Lady Gaga's IQ?,"If you have a question about sales for Elon Musk, you can try contacting him through the Tesla sales email: NAsales@teslamotors.com. If you have a press question or comment for Elon Musk, such as for a news article or story, you can try reaching him through the Tesla press email for North America: Press@tesla.com.",,
Is there an Elon Musk phone?,What is Lady Gaga's IQ?,,,
Who is Elon Musk's manager?,What is Lady Gaga's IQ?,,,
Who is the richest child ever?,Who is the most famous autistic person?,,,
Is there a family that is a trillionaire?,Who is the most famous autistic person?,,,
Who is the wealthiest person on Earth?,Who is the most famous autistic person?,,,
Who will be the 1st trillionaire?,What is Elon Musk's 1 hour rule?,,,
Can you live your whole life with 1 billion dollars?,What is Elon Musk's 1 hour rule?,,,
Can Elon be a trillionaire?,How much do 5000 hair grafts cost?,,,
Is Taylor Swift or Kim Kardashian richer?,How much do 5000 hair grafts cost?,,,
What is Elon Musk diagnosed with?,Which billionaire has the smallest house?,,/search?num=10&newwindow=1&sca_esv=0b6cd31ca70c40ac&cs=0&q=Asperger%27s+Syndrome&sa=X&ved=2ahUKEwjlmKL9_tORAxViLkQIHXXbA-4QxccNegQICRAB,
What is Elon Musk's 1 hour rule?,Which billionaire has the smallest house?,,/search?num=10&newwindow=1&sca_esv=0b6cd31ca70c40ac&cs=0&q=5-Hour+Rule&sa=X&ved=2ahUKEwjlmKL9_tORAxViLkQIHXXbA-4QxccNegQIDBAB,
How many hours sleeps Elon?,What is Elon Musk diagnosed with?,"  Musk told The Wall Street Journal in 2023 that he usually goes to bed around 3 a.m. and sleeps for six hours. So, he's typically waking up around 9 a.m. each day. Dec 10, 2025","https://www.businessinsider.com/elon-musk-daily-schedule#:~:text=Musk%20told%20The%20Wall%20Street,around%209%20a.m.%20each%20day.","Elon Musk's Daily Routine, From Morning Donuts to Upping His Sleep."
Does Musk believe in God?,What is Elon Musk diagnosed with?,,/search?num=10&newwindow=1&sca_esv=0b6cd31ca70c40ac&cs=0&q=Belief+in+the+Creator&sa=X&ved=2ahUKEwjz86D-_tORAxWJJ0QIHd8qDcsQxccNegQILxAD,
What does 42 mean to Elon Musk?,What does 42 mean to Elon Musk?,"So, when Deep Thought was asked what the true meaning of life was, it answered as you might think a computer would: “42”. In other words, “anything you want it to be”. Elon Musk, a tech nerd himself, had the number 42 painted on the SpaceX's Starship prototype. And the list of people crazy about 42 goes on.","https://www.opendigitalservices.com/why-42/#:~:text=So%2C%20when%20Deep%20Thought%20was,crazy%20about%2042%20goes%20on.",Why 42? - That is the spirit of ODS! - Open Digital Services
How much can Elon Musk give to every person?,What does 42 mean to Elon Musk?,,/search?num=10&newwindow=1&sca_esv=0b6cd31ca70c40ac&cs=0&q=Scale+of+Wealth+vs.+Population&sa=X&ved=2ahUKEwjSzZT__tORAxU7HUQIHYXsCvAQxccNegQIHhAD,
Is anybody a trillionaire?,How much sleep does Elon Musk get every night?,,/search?newwindow=1&sca_esv=0b6cd31ca70c40ac&cs=0&udm=50&q=Is+anybody+a+trillionaire%3F+Define+net+worth&aep=64&sa=X&ved=2ahUKEwjW9o6A_9ORAxU1le4BHRQMAAsQy8AQKAB6BAgEEAc,
Who is the richest girl in the world?,How much sleep does Elon Musk get every night?,,,
What billionaires don't pay taxes?,Does Musk believe in God?,"In some years, billionaires such as Jeff Bezos, Elon Musk and George Soros paid no federal income taxes at all. Billionaires avoid these taxes by taking out special ultra-low-interest loans available only to them and using their assets as collateral.",,
"How much an hour is $70,000 a year after taxes?",Does Musk believe in God?,,,
Who is the richest female actor?,What is Elon Musk's red pill?,,/search?num=10&newwindow=1&sca_esv=0b6cd31ca70c40ac&cs=0&q=Tony+Ressler&sa=X&ved=2ahUKEwi2m_mB_9ORAxWELUQIHYJBPUwQxccNegQIBhAC,
Who is richer than Tom Cruise?,What is Elon Musk's red pill?,"Millions of dollars, but not the same media exposure. When comparing the respective fortunes, painting the picture is enlightening. While Tom Cruise accumulates around $800 million and Dwayne Johnson flirts with $870 million, Tyler Perry widens the gap with his $1.4 billion. Jul 11, 2025","https://3dvf.com/en/the-worlds-richest-actor-in-2025-has-a-fortune-of-1-4-billion-and-its-not-tom-cruise/#:~:text=Millions%20of%20dollars%2C%20but%20not,gap%20with%20his%20%241.4%20billion.","The world's richest actor in 2025 has a fortune of $1.4 billion, and it's not ..."
Who is the richest kid alive?,Why did Elon Musk support Trump?,,/search?num=10&newwindow=1&sca_esv=0b6cd31ca70c40ac&cs=0&q=Princess+Charlotte+of+Wales&sa=X&ved=2ahUKEwi6yeeC_9ORAxWyiO4BHWUNIGwQxccNegQIJRAD,
"Who's richer, Kylie Jenner or Rihanna?",Why did Elon Musk support Trump?,Forbes Celebrity Nationality Net worth Rihanna Barbados $1 billion Jimmy Buffett United States $1 billion Kylie Jenner United States $670 million ‡ Kanye West United States $400 million ‡ 23 more rows,https://en.wikipedia.org/wiki/List_of_celebrities_by_net_worth,List of celebrities by net worth - Wikipedia
Who is the #1 richest family?,What is a hidden fact about Elon Musk?,,/search?num=10&newwindow=1&sca_esv=0b6cd31ca70c40ac&cs=0&q=Walton+Family&sa=X&ved=2ahUKEwjZk9uD_9ORAxW1IEQIHWndJ2cQxccNegQIDxAB,
Who was the first billionaire ever?,What is a hidden fact about Elon Musk?,,"https://www.usatoday.com/story/money/2022/11/04/richest-person-ever/10391344002/#:~:text=Who%20was%20the%20first%20billionaire,out%20among%20over%2070%20heirs.",
How do the rich use debt to get richer?,Who is the richest kid on earth?,"Borrowing to Create Wealth     This is called “gearing.” Providing you invest wisely and your assets increase in value, gearing helps you create wealth, as the income (and capital growth) from the investment pays off the debt and exceeds the costs of servicing that debt. Property or shares are often a good strategy here.",,
How do most billionaires avoid taxes?,Who is the richest kid on earth?,,,
Who has 400 billion dollars?,Who had 69 children?,,"https://www.cnn.com/2024/12/11/business/elon-musk-400-billion-net-worth#:~:text=Elon%20Musk%20becomes%20the%20first,of%20$400%20billion%20%7C%20CNN%20Business",
Who is world's no. 1 richest person?,Who had 69 children?,,/search?num=10&newwindow=1&sca_esv=0b6cd31ca70c40ac&cs=0&q=Larry+Page&sa=X&ved=2ahUKEwj7mciF_9ORAxWmOkQIHc0aKNEQxccNegQIJRAB,
Who is the richest female?,What billionaire has 12 kids?,,/search?num=10&newwindow=1&sca_esv=0b6cd31ca70c40ac&cs=0&q=Fran%C3%A7oise+Bettencourt+Meyers&sa=X&ved=2ahUKEwij-rmG_9ORAxXTEEQIHYDMFJ8QxccNegQIBxAC,
Why is Kylie Jenner no longer a billionaire?,What billionaire has 12 kids?,,https://www.forbes.com/sites/chasewithorn/2020/05/29/inside-kylie-jennerss-web-of-lies-and-why-shes-no-longer-a-billionaire/,
Who is richer than Beyonce?,What billionaire has 12 kids?,,https://www.youtube.com/watch?v=QS1UYMhGASY,Taylor Swift SURPASSES Beyoncé as World's Richest Female Musician
Does Einstein believe in God?,Who is the richest 6 year old?,,/search?num=10&newwindow=1&sca_esv=0b6cd31ca70c40ac&cs=0&q=Spinoza%27s+God&sa=X&ved=2ahUKEwiLj7qH_9ORAxVdD0QIHX12Ib4QxccNegQIBxAC,
Does Tesla believe in God?,Who is the richest 6 year old?,,"https://www.quora.com/What-were-the-religious-beliefs-of-Nikola-Tesla-Was-he-secretly-an-atheist-Are-there-any-extant-religious-writings-authored-by-him#:~:text=refuse%20to%20subs-,The%20precise%20religious%20beliefs%20of%20Nikola%20Tesla%20are%20not%20clear,science%20is%20founded%20on%20fact.",
Does Bill Gates believe in God?,Who is the richest 6 year old?,,/search?num=10&newwindow=1&sca_esv=0b6cd31ca70c40ac&cs=0&q=Belief+in+God&sa=X&ved=2ahUKEwiLj7qH_9ORAxVdD0QIHX12Ib4QxccNegQIVBAD,
What was Einstein's IQ?,Which kid is a trillionaire?,,/search?num=10&newwindow=1&sca_esv=0b6cd31ca70c40ac&cs=0&q=thought+experiments&sa=X&ved=2ahUKEwjR98eI_9ORAxWlM0QIHW_YJ88QxccNegQIORAB,
Did Stephen Hawking believe in God?,Which kid is a trillionaire?,,/search?num=10&newwindow=1&sca_esv=0b6cd31ca70c40ac&cs=0&q=Spontaneous+Creation&sa=X&ved=2ahUKEwjR98eI_9ORAxWlM0QIHW_YJ88QxccNegQILxAB,
Did Einstein believe in the soul?,Which kid is a trillionaire?,"In 1929, Einstein stated the following about his views on the question of god and soul: “We followers of Spinoza see our God in the wonderful order and lawfulness of all that exists and in its soul ('Beseeltheit') as it reveals itself in man and animal.","https://www.eoht.info/page/Einstein%20on%20the%20soul#:~:text=In%201929%2C%20Einstein%20stated%20the,itself%20in%20man%20and%20animal.",Einstein on the soul - EoHT.info
How many humans have Neuralink chips?,Who is world's no. 1 richest actor?,"12 People  12 People Now Have Elon Musk's Neuralink Brain Implant. The brain-computer interface lets those with cervical spinal cord injuries or ALS control a computer with their thoughts. Sep 10, 2025","https://www.pcmag.com/news/12-people-now-have-elon-musks-neuralink-brain-implant#:~:text=Health%20%26%20Fitness-,12%20People%20Now%20Have%20Elon%20Musk's%20Neuralink%20Brain%20Implant,a%20computer%20with%20their%20thoughts.",12 People Now Have Elon Musk's Neuralink Brain Implant | PCMag
What surgery did Elon Musk have?,Who is world's no. 1 richest actor?,,/search?num=10&newwindow=1&sca_esv=0b6cd31ca70c40ac&cs=0&q=Initial+Injury+(2013)&sa=X&ved=2ahUKEwip3b-J_9ORAxUUJEQIHYTUJKkQxccNegQIJxAD,
What diseases will Neuralink fix?,Who is world's no. 1 richest actor?,"This would enable those with spinal cord injuries to move their limbs, and could effectively cure paralysis, blindness, mental illness, and neurological conditions such as Alzheimer's and dementia.","https://www.bluebadgeinsurance.com.au/blog/neuralink-chip-what-is-it-can-it-cure-paralysis/#:~:text=This%20would%20enable%20those%20with,such%20as%20Alzheimer's%20and%20dementia.",Neuralink: What Is It and Can It Cure Paralysis and Blindness?
What is Elon Musk diagnosed with?,How much did Elon Musk donate to Trump?,"Asperger's syndrome  In May 2021, during his appearance on Saturday Night Live (SNL), Musk publicly disclosed that he has Asperger's syndrome, a condition on the autism spectrum. This revelation sparked widespread discussions about autism, neurodiversity, and how such conditions influence personal and professional lives. Mar 13, 2025","https://moveupaba.com/blog/is-elon-musk-autistic/#:~:text=In%20May%202021%2C%20during%20his,influence%20personal%20and%20professional%20lives.",Is Elon Musk Autistic? Understanding His Asperger's Diagnosis
What is going on with Elon Musk's eyes?,How much did Elon Musk donate to Trump?,,,
What is Snoop Dogg's IQ?,Is Donald Trump left or right wing?,,,
What is Bill Gates' IQ?,Is Donald Trump left or right wing?,,,
What is the holiest number in the Bible?,Did Elon Musk say he believes in God?,,,
What does the 42 months mean in Revelation?,Did Elon Musk say he believes in God?,,,
Why is autism so common now?,Who is close to a trillionaire?,,/search?num=10&newwindow=1&sca_esv=0b6cd31ca70c40ac&cs=0&q=Broader+Definitions&sa=X&ved=2ahUKEwjmkPyd_9ORAxXHMEQIHZX6BSIQxccNegQIFRAB,
Who was case #1 of autism?,Who is close to a trillionaire?,"  Donald Triplett  Donald Triplett, autism's 'Case 1,' dies at 89. Triplett gained media attention for his autism later in life, and he became the face of the effort to research the lives of older adults with autism.","https://www.thetransmitter.org/spectrum/donald-triplett-autisms-case-1-dies-at-89/#:~:text=Miller%20Mobley%20%2F%20AUGUST-,Donald%20Triplett%2C%20autism's%20'Case%201%2C'%20dies%20at%2089,of%20older%20adults%20with%20autism.","Donald Triplett, autism's 'Case 1,' dies at 89 | The Transmitter"
What is 90% of autism caused by?,Can you send Elon Musk a message?,,/search?num=10&newwindow=1&sca_esv=0b6cd31ca70c40ac&cs=0&q=Heritability&sa=X&ved=2ahUKEwjtz6ui_9ORAxVsLEQIHREnLVEQxccNegQIOBAD,
Who is the oldest autistic person alive?,Can you send Elon Musk a message?,,"https://en.wikipedia.org/wiki/Donald_Triplett#:~:text=Donald%20Gray%20Triplett%20(September%208,to%20perform%20rapid%20mental%20multiplication.",
Is Lady Gaga high IQ?,Who is Elon Musk's manager?,"  We all know that Gaga is a creative genius, but it turns out she's an actual genius too with a widely-estimated IQ of 166, making her “exceptionally gifted” — and we don't disagree! Jan 25, 2025","https://www.yahoo.com/entertainment/lady-gaga-kesha-shakira-more-230715793.html#:~:text=We%20all%20know%20that%20Gaga,and%20we%20don't%20disagree!","Lady Gaga, Kesha, Shakira and More High IQ Celebrities Who ... - Yahoo"
What is Kanye West's IQ score?,Who is Elon Musk's manager?,,"https://www.app.tankersinternational.com/8398172/what-is-kanye-west-s-iq/#:~:text=Kanye%2C%20who%20was%2041%20at,had%20an%20IQ%20of%20140.",
What is Eminem's IQ?,Who is Elon Musk's manager?,,/search?num=10&newwindow=1&sca_esv=0b6cd31ca70c40ac&cs=0&q=Verbal+IQ&sa=X&ved=2ahUKEwiWjMKk_9ORAxVsIkQIHbvMGOoQxccNegQIFhAB,
Is Taylor Swift high IQ?,Who is the richest child ever?,,,
What is Paris Hilton's IQ?,Who is the richest child ever?,,,
What is Madonna's IQ?,Who is the richest child ever?,,,
Who is the most famous person with Asperger's?,Is there a family that is a trillionaire?,"  Famous People With Asperger's Syndrome Albert Einstein. Widely regarded as one of the greatest physicists of all time, Albert Einstein's groundbreaking theories revolutionized our understanding of the universe. ...  Temple Grandin. ...  Susan Boyle. ...  Tim Burton. ...  Daryl Hannah. ...  Dan Aykroyd. ...  Greta Thunberg. ...  Andy Warhol. More items... • Apr 25, 2024",https://goldencaretherapy.com/famous-people-with-aspergers-syndrome/,Famous People With Asperger's Syndrome - Golden Care Therapy
Do Asperger's have high IQ?,Is there a family that is a trillionaire?,,/search?num=10&newwindow=1&sca_esv=0b6cd31ca70c40ac&cs=0&q=high-functioning+autism&sa=X&ved=2ahUKEwjKwYqn_9ORAxXYkO4BHY8CNAMQxccNegQIPhAB,
What is Asperger's called now?,Is there a family that is a trillionaire?,,/search?num=10&newwindow=1&sca_esv=0b6cd31ca70c40ac&cs=0&q=Level+1+Autism&sa=X&ved=2ahUKEwjKwYqn_9ORAxXYkO4BHY8CNAMQxccNegQIFBAC,
Which billionaire has autism?,Who will be the 1st trillionaire?,"Elon Musk  The story of Elon Musk, the visionary entrepreneur and the richest person with autism, serves as a compelling case study in understanding the profound influence of neurodiversity on wealth accumulation and business success.","https://balancerehabclinic.com/ceos-with-autism/#:~:text=The%20story%20of%20Elon%20Musk,wealth%20accumulation%20and%20business%20success.",The Impact Of Autism And Asperger's On Billionaire CEOs
How do I tell if I'm autistic?,Who will be the 1st trillionaire?,"Main signs of autism    finding it hard to understand what others are thinking or feeling. getting very anxious about social situations. finding it hard to make friends or preferring to be on your own. seeming blunt, rude or not interested in others without meaning to.","https://www.nhs.uk/conditions/autism/signs/adults/#:~:text=Main%20signs%20of%20autism&text=finding%20it%20hard%20to%20understand,in%20others%20without%20meaning%20to",Signs of autism in adults - NHS
Can a high IQ mask autism?,Who will be the 1st trillionaire?,"The researchers pointed out that nearly half of autistic individuals show typical or advanced cognitive abilities. Still, many of these individuals might not be recognized or diagnosed because their strengths could mask other traits of autism that often lead to a diagnosis. Apr 17, 2025","https://www.motivity.net/blog/autism-and-high-iq#:~:text=The%20researchers%20pointed%20out%20that,often%20lead%20to%20a%20diagnosis.",Autism And High IQ: Exploring The Connection - Motivity
What's the prettiest eye color?,Can Elon be a trillionaire?,,/search?num=10&newwindow=1&sca_esv=0b6cd31ca70c40ac&cs=0&q=Green&sa=X&ved=2ahUKEwj0lPKr_9ORAxXiJUQIHexpJXYQxccNegQILBAD,
Can two blue-eyed parents have a brown-eyed child?,Can Elon be a trillionaire?,,/search?num=10&newwindow=1&sca_esv=0b6cd31ca70c40ac&cs=0&q=OCA2&sa=X&ved=2ahUKEwj0lPKr_9ORAxXiJUQIHexpJXYQxccNegQIFxAC,
What color are Lucifer's eyes?,Can Elon be a trillionaire?,,/search?num=10&newwindow=1&sca_esv=0b6cd31ca70c40ac&cs=0&q=Supernatural&sa=X&ved=2ahUKEwj0lPKr_9ORAxXiJUQIHexpJXYQxccNegQIDxAB,
How long does Elon sleep a day?,What is Elon Musk's 1 hour rule?,"Musk told The Wall Street Journal in 2023 that he usually goes to bed around 3 a.m. and sleeps for six hours. So, he's typically waking up around 9 a.m. each day. Dec 10, 2025","https://www.businessinsider.com/elon-musk-daily-schedule#:~:text=Musk%20told%20The%20Wall%20Street,around%209%20a.m.%20each%20day.","Elon Musk's Daily Routine, From Morning Donuts to Upping His Sleep."
What does 42 mean to Elon Musk?,What is Elon Musk's 1 hour rule?,"So, when Deep Thought was asked what the true meaning of life was, it answered as you might think a computer would: “42”. In other words, “anything you want it to be”. Elon Musk, a tech nerd himself, had the number 42 painted on the SpaceX's Starship prototype. And the list of people crazy about 42 goes on.","https://www.opendigitalservices.com/why-42/#:~:text=So%2C%20when%20Deep%20Thought%20was,crazy%20about%2042%20goes%20on.",Why 42? - That is the spirit of ODS! - Open Digital Services
What are the 4 rules of Elon Musk?,What is Elon Musk's 1 hour rule?,"Four rules from Elon's playbook every founder should steal: 1) Solve problems in the right order. 2) Find a non-obvious solution to the obvious problem. 3) Build for tomorrow's constraints. 4) Turn customers into advocates. Sep 11, 2025","https://www.linkedin.com/posts/hnshah_four-rules-from-elons-playbook-every-founder-activity-7371912980642344960-SpeX#:~:text=Four%20rules%20from%20Elon's%20playbook,4)%20Turn%20customers%20into%20advocates.","Elon's 4 rules for founders: solve problems, find solutions, build for ..."
Has Donald Trump had hair transplants?,Does Musk believe in God?,,https://www.youtube.com/watch?v=d10hbFQDpVw&t=272,
What is Bezos' 1 hour rule?,Does Musk believe in God?,,/search?num=10&newwindow=1&sca_esv=0b6cd31ca70c40ac&cs=0&q=Jeff+Bezos%27+1-Hour+Rule&sa=X&ved=2ahUKEwjxyeOKgNSRAxX5H0QIHbm6C-MQxccNegQIChAB,
Who is the no. 1 richest man in the world?,Does Musk believe in God?,"List of Top 10 Richest Persons in the World Elon Musk. Net Worth (as on 10 December 2025): $491B. ...  Larry Ellison. Net Worth (as on 10 December 2025): $274.5B. ...  Larry Page. Net Worth (as on 10 December 2025): $260.1B. ...  Sergey Brin. ...  Jeff Bezos. ...  Mark Zuckerberg. ...  Bernard Arnault and Family. ...  Jensen Huang. More items... • Dec 12, 2025",https://www.registrationwala.com/knowledge-base/post/public-awareness/top-10-richest-persons-in-the-world,Top 10 Richest Persons in the World 2025 - Registrationwala
What happens 10 years after a hair transplant?,What does 42 mean to Elon Musk?,"  Even after 10 years, your transplanted hair will still be there, growing naturally. However, as previously mentioned, your natural hair may continue to thin as you age and you may or may not need to consider follow-up treatments or touch-ups to maintain a full, balanced look.","https://www.britishhairclinic.com/hair-loss/how-does-a-hair-transplant-look-after-10-years/#:~:text=Even%20after%2010%20years%2C%20your,maintain%20a%20full%2C%20balanced%20look.",What Really Happens 10 Years After a Hair Transplant?
What is the cheapest state to get a hair transplant?,What does 42 mean to Elon Musk?,"Where to Find the Cheapest Hair Transplant in the USA Florida. Florida is one of the top destinations for affordable hair transplants in the US. ...  Texas. Like Florida, Texas is also a popular destination for people seeking affordable hair transplant options. ...  3. California. ...  Medical Tourism Destinations. ",https://drpizarro.com/blog/where-to-find-the-cheapest-hair-transplant-in-usa/,Where to Find the Cheapest Hair Transplant in USA
What is the ideal age for transplant?,What does 42 mean to Elon Musk?,"Hair loss in younger individuals can be unpredictable, and performing a transplant too early may lead to uneven results as hair loss progresses. In most cases, individuals between 30 and 50 years are considered ideal candidates, as their hair loss has typically stabilized by this time.","https://www.portlandfacedoctor.com/blog/what-is-the-age-limit-for-a-hair-transplant/#:~:text=Hair%20loss%20in%20younger%20individuals,typically%20stabilized%20by%20this%20time.",What is the Age Limit for a Hair Transplant? - Portland Face Doctor
Who is close to a trillionaire?,What does 42 mean to Elon Musk?,,/search?num=10&newwindow=1&sca_esv=0b6cd31ca70c40ac&cs=0&q=Tesla&sa=X&ved=2ahUKEwi49uybgNSRAxUYJkQIHbqNMkUQxccNegQIahAC,
What cars does Elon Musk drive?,What does 42 mean to Elon Musk?,,/search?num=10&newwindow=1&sca_esv=0b6cd31ca70c40ac&cs=0&q=McLaren+F1&sa=X&ved=2ahUKEwi49uybgNSRAxUYJkQIHbqNMkUQxccNegQIChAB,
Who owns the biggest house on Earth?,What does 42 mean to Elon Musk?,,/search?num=10&newwindow=1&sca_esv=0b6cd31ca70c40ac&cs=0&q=Antilia&sa=X&ved=2ahUKEwi49uybgNSRAxUYJkQIHbqNMkUQxccNegQIfhAB,
How long does an Elon Musk brain chip last?,What does 42 mean to Elon Musk?,"In a human, the Neuralink device is designed to sit behind the ear. The battery for the brain chip currently lasts ""a few hours,"" but Musk is aiming for it to last about 12 hours, according to Bloomberg. Feb 5, 2024","https://www.businessinsider.com/neuralink-will-take-25-minutes-insert-brain-elon-musk-reportedly-2023-11#:~:text=In%20a%20human%2C%20the%20Neuralink,to%20sit%20behind%20the%20ear.&text=The%20battery%20for%20the%20brain,12%20hours%2C%20according%20to%20Bloomberg.",How Elon Musk's Neuralink Brain-Chip Surgery Works
What surgeries has Elon Musk had?,What does 42 mean to Elon Musk?,"Aside from his hair transformation, some aesthetic experts believe that Musk may have had minimally invasive cosmetic procedures to maintain his youthful appearance. Possible enhancements include: Botox or Fillers: Musk's forehead appears smoother, and his skin looks more refreshed compared to his earlier years.","https://www.fibemed.com/blogs/blog/did-elon-musk-have-plastic-surgery#:~:text=Aside%20from%20his%20hair%20transformation,compared%20to%20his%20earlier%20years.",Did Elon Musk Have Plastic Surgery? - Fibemed Healthcare
How big is Elon Musk's IQ?,What does 42 mean to Elon Musk?,  between 155 and 160  The debate about Elon Musk's intelligence quotient has sparked many discussions among academics and entrepreneurs. Multiple assessments and calculations estimate his IQ between 155 and 160. This places him among the world's most intellectually gifted people.,"https://thedatascientist.com/what-is-elon-musks-iq-the-surprising-truth/#:~:text=The%20debate%20about%20Elon%20Musk's,world's%20most%20intellectually%20gifted%20people.",What is Elon Musk's IQ? The Surprising Truth Behind the Numbers
What does 42 stand for in the Bible?,What does 42 mean to Elon Musk?,,/search?num=10&newwindow=1&sca_esv=0b6cd31ca70c40ac&cs=0&q=Jesus%27+genealogy&sa=X&ved=2ahUKEwjrvJWfgNSRAxV0lu4BHXYwDXMQxccNegQICRAC,
What is Elon Musk diagnosed with?,What does 42 mean to Elon Musk?,,/search?num=10&newwindow=1&sca_esv=0b6cd31ca70c40ac&cs=0&q=Asperger%27s+Syndrome&sa=X&ved=2ahUKEwjficGggNSRAxW-le4BHQQ7CDwQxccNegQIChAB,
What is Elon Musk's 1 hour rule?,What does 42 mean to Elon Musk?,,/search?num=10&newwindow=1&sca_esv=0b6cd31ca70c40ac&cs=0&q=5-Hour+Rule&sa=X&ved=2ahUKEwjficGggNSRAxW-le4BHQQ7CDwQxccNegQIDRAB,
How long do billionaires sleep?,What does 42 mean to Elon Musk?,,/search?num=10&newwindow=1&sca_esv=0b6cd31ca70c40ac&cs=0&q=Jeff+Bezos&sa=X&ved=2ahUKEwjficGggNSRAxW-le4BHQQ7CDwQxccNegQISxAB,
What did the Bible say about Elon?,What does 42 mean to Elon Musk?,"Elon appears in Judges 12:11–12. He was a member of the Tribe of Zebulun who served as a judge of Israel for ten years. He was preceded by Ibzan and succeeded by Abdon. Elon, along with Tola, Yair, Ibzan, and Abdon are only briefly mentioned and may be the names of clans.",,
What did Albert Einstein say about God?,What does 42 mean to Elon Musk?,,,
Is Elon Musk a vegan?,What does 42 mean to Elon Musk?,,,
How much sleep does Elon Musk sleep?,What does 42 mean to Elon Musk?,,https://www.tiktok.com/@cnbcmakeit/video/7234618021090692395?lang=en,
Does Musk believe in God?,What does 42 mean to Elon Musk?,,/search?num=10&newwindow=1&sca_esv=0b6cd31ca70c40ac&cs=0&q=Belief+in+the+Creator&sa=X&ved=2ahUKEwjzqpKlgNSRAxWsBbwBHZWyMb0QxccNegUIrAEQAw,
Why did Elon Musk support Trump?,What does 42 mean to Elon Musk?,,/search?num=10&newwindow=1&sca_esv=0b6cd31ca70c40ac&cs=0&q=free+speech&sa=X&ved=2ahUKEwjzqpKlgNSRAxWsBbwBHZWyMb0QxccNegQIDxAB,
Did Elon Musk support Obama?,What does 42 mean to Elon Musk?,"Humanitarian issues are extremely important to me & I don't understand why they are not important to everyone. Before embracing Donald Trump in 2024 election cycle, Musk was known to have supported Barack Obama, Hillary Clinton, and even Joe Biden in 2020.","https://en.wikipedia.org/wiki/Views_of_Elon_Musk#:~:text=Humanitarian%20issues%20are%20extremely%20important,are%20not%20important%20to%20everyone.&text=Before%20embracing%20Donald%20Trump%20in,even%20Joe%20Biden%20in%202020.",Views of Elon Musk - Wikipedia
Is Donald Trump left or right wing?,What does 42 mean to Elon Musk?,,https://news.berkeley.edu/2025/01/21/theres-a-term-for-trumps-political-style-authoritarian-populism/#:~:text=There's%20a%20term%20for%20Trump's%20political%20style:%20authoritarian%20populism%20%2D%20Berkeley%20News,
Is Elon Musk self taught?,What does 42 mean to Elon Musk?,"Over time, Elon Musk taught himself applied physics and became a self-taught rocket scientist, leading SpaceX to remarkable achievements. Dec 11, 2024","https://shivammore.medium.com/how-young-elon-musk-learned-everything-the-secret-behind-his-success-1995a29cfc1c#:~:text=Over%20time%2C%20Elon%20Musk%20taught,leading%20SpaceX%20to%20remarkable%20achievements.",How Young Elon Musk Learned Everything: The Secret Behind His ...
Who will be a trillionaire first?,What does 42 mean to Elon Musk?,,/search?num=10&newwindow=1&sca_esv=0b6cd31ca70c40ac&cs=0&q=Tesla&sa=X&ved=2ahUKEwjjqvWngNSRAxXdDkQIHVCSD1oQxccNegQICRAC,
What did Elon Musk sell at 12 years old?,What does 42 mean to Elon Musk?,"At age ten, he developed an interest in computing and video games, teaching himself how to program from the VIC-20 user manual. At age twelve, Elon sold his BASIC-based game Blastar to PC and Office Technology magazine for approximately $500 (equivalent to $1,600 in 2024).","https://en.wikipedia.org/wiki/Elon_Musk#:~:text=At%20age%20ten%2C%20he%20developed,equivalent%20to%20%241%2C600%20in%202024).",Elon Musk - Wikipedia
What are the 5 rules of Elon Musk?,What does 42 mean to Elon Musk?,,/search?num=10&newwindow=1&sca_esv=0b6cd31ca70c40ac&cs=0&q=Question+every+requirement&sa=X&ved=2ahUKEwjjqvWngNSRAxXdDkQIHVCSD1oQxccNegQINRAB,
Which kid is a trillionaire?,What does 42 mean to Elon Musk?,,https://www.youtube.com/watch?v=osk-dKxWTCg,The Trillionaire Life of X Æ A Xii Musk - YouTube
Who is world's no. 1 richest actor?,What does 42 mean to Elon Musk?,"The Top 10 Richest Actors in the World Arnold Schwarzenegger. $1.2 Billion. ...  Jerry Seinfeld. $1.2 Billion. ...  Dwayne “The Rock” Johnson. $1.19 Billion. ...  Tom Cruise. $891 Million. ...  George Clooney. $742.8 Million. American. Robert De Niro. $735.35 Million. American. Brad Pitt. $594.23 Million. American. Jack Nicholson. $590 Million. American. More items... • Oct 30, 2025",https://www.beststartupstory.com/top-10-richest-actors-in-the-world/,Top 10 Richest Actors in the World (2025) | Latest List - Best Startup Story
Who is the rich 8 year old girl?,What does 42 mean to Elon Musk?,"Eight-year-old Charlotte is the wealthiest royal grandchild and the richest child in the world, with an estimated net worth of £3.9 billion ($5 billion). Jan 30, 2024","https://www.outdoortoys.com/blogs/campaigns/celebrity-child-rich-list#:~:text=Eight%2Dyear%2Dold%20Charlotte%20is,3.9%20billion%20(%245%20billion).",Celebrity Child Rich List - Outdoor Toys
Who has the most babies in history?,What does 42 mean to Elon Musk?,"The greatest officially recorded number of children born to one mother is 69, to the wife of Feodor Vassilyev (b. 1707–c. 1782), a peasant from Shuya, Russia. In 27 confinements she gave birth to 16 pairs of twins, seven sets of triplets and four sets of quadruplets.","https://www.guinnessworldrecords.com/world-records/most-prolific-mother-ever#:~:text=The%20greatest%20officially%20recorded%20number,and%20four%20sets%20of%20quadruplets.",Most prolific mother ever | Guinness World Records
Who had a baby at 70 years old?,What does 42 mean to Elon Musk?,,https://www.youtube.com/watch?v=18_d_bANkG4,70 YEAR OLD WOMAN GIVES BIRTH TO TWINS - YouTube
What is the biggest record of a woman that babies?,What does 42 mean to Elon Musk?,"Valentina Vassilyeva, born in 1707 and died in 1782, holds the record for the most children born to one woman. As the first wife of Feodor Vassilyev, a Russian peasant, she gave birth 27 times, delivering 16 pairs of twins, seven sets of triplets, and four sets of quadruplets—totaling 69 children. Nov 11, 2025","https://www.facebook.com/drewbinsky/posts/this-lady-gave-birth-to-44-children-world-record/1428765405272341/#:~:text=Valentina%20Vassilyeva%2C%20born%20in%201707,of%20quadruplets%E2%80%94totaling%2069%20children.",This Lady Gave Birth to 44 Children (World Record) - Facebook
What billionaire has 100 kids?,What does 42 mean to Elon Musk?,,https://www.wsj.com/us-news/chinese-billionaires-surrogacy-pregnancy-7fdfc0c3,
Who is the no. 1 richest kid in the world?,What does 42 mean to Elon Musk?,"  Princess Charlotte of Wales  1. Princess Charlotte of Wales ($5B) Princess Charlotte. Charlotte, born in 2015 is the wealthiest royal grandchild of the current British monarch, King Charles III, and a powerful royal fashion influencer in her own right. Dec 11, 2024","https://money.howstuffworks.com/richest-kid-in-the-world.htm#:~:text=1.,Charlotte%20of%20Wales%20(%245B)&text=Princess%20Charlotte.&text=Charlotte%2C%20born%20in%202015%20is,influencer%20in%20her%20own%20right.",The Richest Kid in the World Is Worth $5B — Which Royal Is It?
How many wives has Elon Musk had?,What does 42 mean to Elon Musk?,,/search?num=10&newwindow=1&sca_esv=0b6cd31ca70c40ac&cs=0&q=Justine+Wilson&sa=X&ved=2ahUKEwjq1oCtgNSRAxX0M0QIHW9XKKgQxccNegQIERAB,
Is there a kid billionaire?,What does 42 mean to Elon Musk?,,https://www.youtube.com/shorts/SYsVZDe5_7I,The Youngest Billionaire in the World - YouTube
Who is the no. 1 richest person in the world?,What does 42 mean to Elon Musk?,,https://www.forbes.com/sites/forbeswealthteam/article/the-top-ten-richest-people-in-the-world/,
Who is the richest person in 2006?,What does 42 mean to Elon Musk?,,/search?num=10&newwindow=1&sca_esv=0b6cd31ca70c40ac&cs=0&q=Ingvar+Kamprad&sa=X&ved=2ahUKEwi03YGvgNSRAxUqBu8CHYvaCGkQxccNegQILRAB,
What billionaire has 12 kids?,What does 42 mean to Elon Musk?,"  Elon Musk  Elon Musk is the founder, CEO and chief engineer of SpaceX; the CEO of Tesla, Inc.; the owner and former CEO of Twitter (now ""X""); the co-founder of Neuralink and OpenAI; and the father of 12—possibly 13—children. Here is everything we know about the billionaire's brood. Feb 15, 2025","https://www.yahoo.com/entertainment/elon-musk-trying-repopulate-earth-012429623.html#:~:text=Elon%20Musk%20is%20the%20founder,know%20about%20the%20billionaire's%20brood.",Elon Musk's 12 Children: All About the Controversial Billionaire's Many Kids
Who is world's no. 1 richest actor?,What does 42 mean to Elon Musk?,"Do you know that Arnold Schwarzenegger is the richest actor in the world, with an estimated net worth of over $1.49 billion? He stands as one of the most successful and versatile figures in the entertainment world. Jul 8, 2025","https://www.jagranjosh.com/general-knowledge/top-10-richest-actors-in-the-world-1673703498-1#:~:text=Do%20you%20know%20that%20Arnold,figures%20in%20the%20entertainment%20world.",[Updated] Top 10 Richest Actors In The World
Who is the richest 6 year old?,What does 42 mean to Elon Musk?,,https://www.youtube.com/watch?v=b1LO3kStiTo,THE RICHEST KIDS IN THE WORLD 2025: Shocking Net Worths!
"Who's richer, Kim Kardashian or Taylor Swift?",What does 42 mean to Elon Musk?,,"https://www.eonline.com/news/1418326/selena-gomez-taylor-swift-kim-kardashians-net-worth-revealed#:~:text=As%20for%20Taylor's%20onetime%20rival,net%20worth%20of%20$670%20million.",
Who is the #1 paid actor?,What does 42 mean to Elon Musk?,,/search?num=10&newwindow=1&sca_esv=0b6cd31ca70c40ac&cs=0&q=Dwayne+Johnson&sa=X&ved=2ahUKEwjix5ixgNSRAxX0le4BHdA-L-oQxccNegQIIRAB,
"Who is richer, The Rock or Tom Cruise?",What does 42 mean to Elon Musk?,"Millions of dollars, but not the same media exposure    When comparing the respective fortunes, painting the picture is enlightening. While Tom Cruise accumulates around $800 million and Dwayne Johnson flirts with $870 million, Tyler Perry widens the gap with his $1.4 billion. Jul 11, 2025","https://3dvf.com/en/the-worlds-richest-actor-in-2025-has-a-fortune-of-1-4-billion-and-its-not-tom-cruise/#:~:text=Millions%20of%20dollars%2C%20but%20not,gap%20with%20his%20%241.4%20billion.","The world's richest actor in 2025 has a fortune of $1.4 billion, and it's not ..."
Can Elon Musk give everybody a billion dollars?,What does 42 mean to Elon Musk?,,https://www.politifact.com/factchecks/2024/nov/18/threads-posts/elon-musk-is-rich-but-not-rich-enough-to-give-ever/,
Which billionaire has given the most to charity?,What does 42 mean to Elon Musk?,,/search?num=10&newwindow=1&sca_esv=0b6cd31ca70c40ac&cs=0&q=MacKenzie+Scott&sa=X&ved=2ahUKEwiugvezgNSRAxWpOUQIHW1qOUoQxccNegQIJBAB,
Did Musk donate 50 million to St. Jude's?,What does 42 mean to Elon Musk?,,https://www.youtube.com/watch?v=5u-fqyuI4qw,St. Jude Children's Research Hospital to receive $50 million donation from ...
What did Trump say about Musk?,What does 42 mean to Elon Musk?,,https://www.politico.com/news/2025/07/06/musk-trump-america-party-00441059,
What does 42 mean to Elon Musk?,What does 42 mean to Elon Musk?,"So, when Deep Thought was asked what the true meaning of life was, it answered as you might think a computer would: “42”. In other words, “anything you want it to be”. Elon Musk, a tech nerd himself, had the number 42 painted on the SpaceX's Starship prototype. And the list of people crazy about 42 goes on.","https://www.opendigitalservices.com/why-42/#:~:text=So%2C%20when%20Deep%20Thought%20was,crazy%20about%2042%20goes%20on.",Why 42? - That is the spirit of ODS! - Open Digital Services
What is the biggest fear of Elon Musk?,What does 42 mean to Elon Musk?,"Elon Musk's Biggest AI Fear Isn't Google—It's China. Elon Musk may be racing Google in the AI colosseum, but his real anxiety is pointed east. Aug 25, 2025","https://finance.yahoo.com/news/elon-musks-biggest-ai-fear-162035426.html#:~:text=Elon%20Musk%20may%20be%20racing,real%20anxiety%20is%20pointed%20east.",Elon Musk's Biggest AI Fear Isn't Google—It's China - Yahoo Finance
Who is the richest girl in the world?,What does 42 mean to Elon Musk?,,/search?num=10&newwindow=1&sca_esv=0b6cd31ca70c40ac&cs=0&q=Fran%C3%A7oise+Bettencourt+Meyers&sa=X&ved=2ahUKEwjonra5gNSRAxUVLUQIHcEAA2oQxccNegQIBhAC,
Where does Trump rank in wealth?,What does 42 mean to Elon Musk?,"(In 2018, this was 766th in the world, 248th in the U.S. In 2019, this was 715th in the world, 259th in the U.S.) Bloomberg Billionaires Index listed Trump's net worth as $2.48 billion on May 31, 2018, and Wealth-X listed it as at least $3.8 billion on July 16, 2018.","https://en.wikipedia.org/wiki/Wealth_of_Donald_Trump#:~:text=(In%202018%2C%20this%20was%20766th,billion%20on%20July%2016%2C%202018.",Wealth of Donald Trump - Wikipedia
Who has 400 billion dollars?,What does 42 mean to Elon Musk?,,"https://www.cnn.com/2024/12/11/business/elon-musk-400-billion-net-worth#:~:text=Elon%20Musk%20becomes%20the%20first,of%20$400%20billion%20%7C%20CNN%20Business",
Did Trump actually graduate from college?,What does 42 mean to Elon Musk?,,/search?num=10&newwindow=1&sca_esv=0b6cd31ca70c40ac&cs=0&q=Wharton+School&sa=X&ved=2ahUKEwjLo_S6gNSRAxVYLkQIHdx8KN4QxccNegQIBRAB,
What do Democrats believe in?,What does 42 mean to Elon Musk?,"Democratic platforms seek to promote free trade, social programs, labor unions, consumer protection, workplace safety regulation, equal opportunity, disability rights, racial equity, regulations against environmental pollution, and criminal justice reform.","https://en.wikipedia.org/wiki/Political_positions_of_the_Democratic_Party_(United_States)#:~:text=Democratic%20platforms%20seek%20to%20promote,pollution%2C%20and%20criminal%20justice%20reform.",Political positions of the Democratic Party (United States) - Wikipedia
What nationality is Donald Trump?,What does 42 mean to Elon Musk?,,/search?num=10&newwindow=1&sca_esv=0b6cd31ca70c40ac&cs=0&q=What+nationality+is+Donald+Trump%3F&sa=X&ved=2ahUKEwjLo_S6gNSRAxVYLkQIHdx8KN4QsZYEegQIDhAC,
What is Elon Musk diagnosed with?,What does 42 mean to Elon Musk?,,/search?newwindow=1&sca_esv=0b6cd31ca70c40ac&cs=0&udm=50&q=What+is+Elon+Musk+diagnosed+with%3F+Tell+me+more+about+Asperger%27s+syndrome&aep=64&sa=X&ved=2ahUKEwjdxrO8gNSRAxUkKEQIHR8mEtEQy8AQKAB6BAgEEAc,
What is Elon Musk's 1 hour rule?,What does 42 mean to Elon Musk?,,,
How long do billionaires sleep?,What does 42 mean to Elon Musk?,,,
What faith is Donald Trump?,What does 42 mean to Elon Musk?,,/search?num=10&newwindow=1&sca_esv=0b6cd31ca70c40ac&cs=0&q=nondenominational+Christian&sa=X&ved=2ahUKEwi4pvq9gNSRAxXhI0QIHXEtJ1MQxccNegQIKRAB,
What did the Bible say about Elon?,What does 42 mean to Elon Musk?,"Elon appears in Judges 12:11–12. He was a member of the Tribe of Zebulun who served as a judge of Israel for ten years. He was preceded by Ibzan and succeeded by Abdon. Elon, along with Tola, Yair, Ibzan, and Abdon are only briefly mentioned and may be the names of clans.","https://en.wikipedia.org/wiki/Elon_(Judges)#:~:text=Elon%20appears%20in%20Judges%2012,be%20the%20names%20of%20clans.",Elon (Judges) - Wikipedia
Does Einstein believe in God?,What does 42 mean to Elon Musk?,,/search?num=10&newwindow=1&sca_esv=0b6cd31ca70c40ac&cs=0&q=Spinoza%27s+God&sa=X&ved=2ahUKEwi4pvq9gNSRAxXhI0QIHXEtJ1MQxccNegQIFRAC,
What kind of car does Travis Kelce have?,What does 42 mean to Elon Musk?,,/search?num=10&newwindow=1&sca_esv=0b6cd31ca70c40ac&cs=0&q=1970+Chevrolet+Chevelle+SS&sa=X&ved=2ahUKEwix2da_gNSRAxX8LEQIHbH5JCoQxccNegQIHBAB,
How many planes does Taylor Swift own?,What does 42 mean to Elon Musk?,,/search?num=10&newwindow=1&sca_esv=0b6cd31ca70c40ac&cs=0&q=Dassault+Falcon+7X&sa=X&ved=2ahUKEwix2da_gNSRAxX8LEQIHbH5JCoQxccNegQIShAB,
Which celebrity drives the most expensive car?,What does 42 mean to Elon Musk?,"  Jay Z tops the list of expensive celebrity cars with his black Maybach Exelero. Maybach is known for being a high-end car, but there are many reasons that this car is more expensive than your typical car.","https://www.myimprov.com/the-four-most-expensive-celebrity-cars/#:~:text=Jay%20Z%20tops%20the%20list,expensive%20than%20your%20typical%20car.",The Four Most Expensive Celebrity Cars | by MyImprov
"How much will $10,000 invested be worth in 10 years?",What does 42 mean to Elon Musk?,"For example, if you invest $10,000 and realistically expect to earn a 7.5% rate of return each year, your investment would be worth more than $21,000 after 10 years. But if you extend your time horizon and leave the money invested for longer, 20 years for example, it could grow to nearly $45,000.","https://smartasset.com/investing/investment-calculator#:~:text=For%20example%2C%20if%20you%20invest,could%20grow%20to%20nearly%20%2445%2C000.","Investment Return Calculator: Growth on Stocks, Bonds & More"
"What if you put $10,000 in Tesla 10 years ago?",What does 42 mean to Elon Musk?,,"https://finance.yahoo.com/news/invested-10-000-tesla-stock-173000055.html#:~:text=If%20You%20Bought%20Tesla%20Stock,the%20same%20period%20is%20226.20%25.",
What if I invested $1000 in Amazon 20 years ago?,What does 42 mean to Elon Musk?,,/search?num=10&newwindow=1&sca_esv=0b6cd31ca70c40ac&cs=0&q=CAGR&sa=X&ved=2ahUKEwjajp7CgNSRAxXhIkQIHRmuCEgQxccNegQIVhAB,
Who is the #1 richest family?,What does 42 mean to Elon Musk?,,/search?num=10&newwindow=1&sca_esv=0b6cd31ca70c40ac&cs=0&q=Walton+Family&sa=X&ved=2ahUKEwiH0OrDgNSRAxUoJkQIHcL2EaYQxccNegQICxAB,
Is Taylor Swift or Kim Kardashian richer?,What does 42 mean to Elon Musk?,,/search?num=10&newwindow=1&sca_esv=0b6cd31ca70c40ac&cs=0&q=SKIMS&sa=X&ved=2ahUKEwiH0OrDgNSRAxUoJkQIHcL2EaYQxccNegQIOhAC,
What car does Taylor Swift drive?,What does 42 mean to Elon Musk?,,/search?num=10&newwindow=1&sca_esv=0b6cd31ca70c40ac&cs=0&q=Pink+Chevrolet+Silverado&sa=X&ved=2ahUKEwi8xKLHgNSRAxXuLkQIHU6kEbMQxccNegQIBxAB,
Does Elon Musk own a gas car?,What does 42 mean to Elon Musk?,"Elon Musk is known to only have two gas-powered vehicles in his collection. One of them is his 1967 Jaguar E-Type. May 19, 2025","https://www.hotcars.com/every-car-hiding-in-elon-musks-garage/#:~:text=Elon%20Musk%20is%20known%20to%20only%20have%20two%20gas%2Dpowered,his%201967%20Jaguar%20E%2DType.",Here's What Hides In Elon Musk's Car Collection - HotCars
How do I get in touch with Elon?,What does 42 mean to Elon Musk?,  Elon Musk's Email Address    Contact Elon Musk (Tesla) info@tesla.com (Tesla) info@spacex.com (SpaceX),"https://contactanycelebrity.com/cac/contact-elon-musk/#:~:text=Elon%20Musk's%20Email%20Address,-Elon%20Musk's%20email&text=Contact%20Elon%20Musk%20(Tesla),%40spacex.com%20(SpaceX)","Contact Elon Musk 🕶️ Email, Address, Phone #, Agent, Manager ..."
Is it hard to get a job at SpaceX?,What does 42 mean to Elon Musk?,,https://tallo.com/careers/discovery/how-hard-is-it-to-get-a-job-at-spacex/,
What is the top 1 phone in the world?,What does 42 mean to Elon Musk?,  The Best Phones Apple iPhone 17 Pro Max. View at Visible. ...  OnePlus 15. View at Amazon. ...  Apple iPhone 17 Pro (and Pro Max) View at Visible. ...  Samsung Galaxy S25 Ultra. View at Amazon. ...  Google Pixel 10 Pro. View at Amazon. ...  Samsung Galaxy Z Fold 7. View at Amazon. ...  Apple iPhone 16 Plus. View at Verizon. ...  Google Pixel 9a. View at Amazon. More items... • 5 days ago,https://www.techradar.com/news/best-phone,The best phone 2025: we've tested and reviewed all the ... - TechRadar
Which phone does Bill Gates use?,What does 42 mean to Elon Musk?,,/search?num=10&newwindow=1&sca_esv=0b6cd31ca70c40ac&cs=0&q=Device&sa=X&ved=2ahUKEwj7tpnLgNSRAxXLHEQIHd1gBnAQxccNegQIIhAD,
Who will be a trillionaire first?,What does 42 mean to Elon Musk?,,/search?num=10&newwindow=1&sca_esv=0b6cd31ca70c40ac&cs=0&q=Tesla&sa=X&ved=2ahUKEwiuocDOgNSRAxW2I0QIHVwGAn4QxccNegQICRAC,
How much did Musk donate to Trump?,What does 42 mean to Elon Musk?,,/search?num=10&newwindow=1&sca_esv=0b6cd31ca70c40ac&cs=0&q=America+PAC&sa=X&ved=2ahUKEwiuocDOgNSRAxW2I0QIHVwGAn4QxccNegQIChAB,
Which kid is a trillionaire?,What does 42 mean to Elon Musk?,,https://www.youtube.com/watch?v=osk-dKxWTCg,The Trillionaire Life of X Æ A Xii Musk - YouTube
Who is world's no. 1 richest actor?,What does 42 mean to Elon Musk?,"The Top 10 Richest Actors in the World Arnold Schwarzenegger. $1.2 Billion. ...  Jerry Seinfeld. $1.2 Billion. ...  Dwayne “The Rock” Johnson. $1.19 Billion. ...  Tom Cruise. $891 Million. ...  George Clooney. $742.8 Million. American. Robert De Niro. $735.35 Million. American. Brad Pitt. $594.23 Million. American. Jack Nicholson. $590 Million. American. More items... • Oct 30, 2025",https://www.beststartupstory.com/top-10-richest-actors-in-the-world/,Top 10 Richest Actors in the World (2025) | Latest List - Best Startup Story
Who is the #1 richest family in the world?,What does 42 mean to Elon Musk?,,,
How do rich families avoid paying taxes?,What does 42 mean to Elon Musk?,,,
Is anybody a trillionaire?,What does 42 mean to Elon Musk?,,/search?num=10&newwindow=1&sca_esv=0b6cd31ca70c40ac&cs=0&q=Jeff+Bezos&sa=X&ved=2ahUKEwiRyJXVgNSRAxX4BEQIHa6xG6oQxccNegQIJxAB,
Where does Trump rank in wealth?,What does 42 mean to Elon Musk?,"(In 2018, this was 766th in the world, 248th in the U.S. In 2019, this was 715th in the world, 259th in the U.S.) Bloomberg Billionaires Index listed Trump's net worth as $2.48 billion on May 31, 2018, and Wealth-X listed it as at least $3.8 billion on July 16, 2018.","https://en.wikipedia.org/wiki/Wealth_of_Donald_Trump#:~:text=(In%202018%2C%20this%20was%20766th,billion%20on%20July%2016%2C%202018.",Wealth of Donald Trump - Wikipedia
Who has 400 billion dollars?,What does 42 mean to Elon Musk?,,"https://www.cnn.com/2024/12/11/business/elon-musk-400-billion-net-worth#:~:text=Elon%20Musk%20becomes%20the%20first,of%20$400%20billion%20%7C%20CNN%20Business",
What can you buy with $1 trillion dollars?,What does 42 mean to Elon Musk?,,"https://www.cnn.com/2025/11/06/business/elon-musk-trillion-dollars#:~:text=Though%20you'll%20need%20to,for%20everyone%20on%20the%20planet.",
Is it illegal to carry 1 million dollars in cash?,What does 42 mean to Elon Musk?,,,
"How long would it take to spend $1 billion at $10,000 a day?",What does 42 mean to Elon Musk?,,,
Who is world's no. 1 richest man?,What does 42 mean to Elon Musk?,Elon Musk  2022 No. Name Nationality 1 Elon Musk South Africa Canada United States 2 Jeff Bezos United States 3 Bernard Arnault & family France 4 Bill Gates United States 6 more rows,https://en.wikipedia.org/wiki/The_World%27s_Billionaires,The World's Billionaires - Wikipedia
What did Elon Musk sell at 12 years old?,What does 42 mean to Elon Musk?,"At age ten, he developed an interest in computing and video games, teaching himself how to program from the VIC-20 user manual. At age twelve, Elon sold his BASIC-based game Blastar to PC and Office Technology magazine for approximately $500 (equivalent to $1,600 in 2024).","https://en.wikipedia.org/wiki/Elon_Musk#:~:text=At%20age%20ten%2C%20he%20developed,equivalent%20to%20%241%2C600%20in%202024).",Elon Musk - Wikipedia
Who is the richest female singer ever?,What does 42 mean to Elon Musk?,,/search?num=10&newwindow=1&sca_esv=0b6cd31ca70c40ac&cs=0&q=Rihanna&sa=X&ved=2ahUKEwjy_6bfgNSRAxVfIUQIHRRMLZgQxccNegQIFRAB,
Why is Kylie Jenner no longer a billionaire?,What does 42 mean to Elon Musk?,,https://www.forbes.com/sites/chasewithorn/2020/05/29/inside-kylie-jennerss-web-of-lies-and-why-shes-no-longer-a-billionaire/,
How long does an Elon Musk brain chip last?,What does 42 mean to Elon Musk?,"In a human, the Neuralink device is designed to sit behind the ear. The battery for the brain chip currently lasts ""a few hours,"" but Musk is aiming for it to last about 12 hours, according to Bloomberg. Feb 5, 2024","https://www.businessinsider.com/neuralink-will-take-25-minutes-insert-brain-elon-musk-reportedly-2023-11#:~:text=In%20a%20human%2C%20the%20Neuralink,to%20sit%20behind%20the%20ear.&text=The%20battery%20for%20the%20brain,12%20hours%2C%20according%20to%20Bloomberg.",How Elon Musk's Neuralink Brain-Chip Surgery Works
What surgeries has Elon Musk had?,What does 42 mean to Elon Musk?,"Aside from his hair transformation, some aesthetic experts believe that Musk may have had minimally invasive cosmetic procedures to maintain his youthful appearance. Possible enhancements include: Botox or Fillers: Musk's forehead appears smoother, and his skin looks more refreshed compared to his earlier years.","https://www.fibemed.com/blogs/blog/did-elon-musk-have-plastic-surgery#:~:text=Aside%20from%20his%20hair%20transformation,compared%20to%20his%20earlier%20years.",Did Elon Musk Have Plastic Surgery? - Fibemed Healthcare
Does Mark Zuckerberg have a disability?,What does 42 mean to Elon Musk?,"To sum up, Mark Zuckerberg has publicly acknowledged that he has a mild form of autism, now included under the umbrella of the autism spectrum. Despite certain traits associated with autism, it's vital to steer clear of assumptions based on a diagnosis. Autism, with its complexity, affects everyone differently.","https://autismcoe.com/blog/aba-therapy/is-mark-zuckerberg-autistic-a-closer-look/#:~:text=To%20sum%20up%2C%20Mark%20Zuckerberg,its%20complexity%2C%20affects%20everyone%20differently.",Is Mark Zuckerberg Autistic? - A Closer Look - AutismCOE
What is Elon Musk diagnosed with?,What does 42 mean to Elon Musk?,,/search?num=10&newwindow=1&sca_esv=0b6cd31ca70c40ac&cs=0&q=Asperger%27s+Syndrome&sa=X&ved=2ahUKEwjpwKjkgNSRAxVFD0QIHY1BHpoQxccNegQIBhAB,
What does 42 mean to Elon Musk?,What does 42 mean to Elon Musk?,"So, when Deep Thought was asked what the true meaning of life was, it answered as you might think a computer would: “42”. In other words, “anything you want it to be”. Elon Musk, a tech nerd himself, had the number 42 painted on the SpaceX's Starship prototype. And the list of people crazy about 42 goes on.","https://www.opendigitalservices.com/why-42/#:~:text=So%2C%20when%20Deep%20Thought%20was,crazy%20about%2042%20goes%20on.",Why 42? - That is the spirit of ODS! - Open Digital Services
How long does Elon sleep a day?,What does 42 mean to Elon Musk?,"Musk told The Wall Street Journal in 2023 that he usually goes to bed around 3 a.m. and sleeps for six hours. So, he's typically waking up around 9 a.m. each day. Dec 10, 2025","https://www.businessinsider.com/elon-musk-daily-schedule#:~:text=Musk%20told%20The%20Wall%20Street,around%209%20a.m.%20each%20day.","Elon Musk's Daily Routine, From Morning Donuts to Upping His Sleep."
What is Elon Musk's 1 hour rule?,What does 42 mean to Elon Musk?,,/search?num=10&newwindow=1&sca_esv=0b6cd31ca70c40ac&cs=0&q=5-Hour+Rule&sa=X&ved=2ahUKEwj9u5XmgNSRAxV1LkQIHcs7NaAQxccNegQIDRAB,
How long do billionaires sleep?,What does 42 mean to Elon Musk?,,/search?num=10&newwindow=1&sca_esv=0b6cd31ca70c40ac&cs=0&q=Jeff+Bezos&sa=X&ved=2ahUKEwj9u5XmgNSRAxV1LkQIHcs7NaAQxccNegQIGxAB,
What did the Bible say about Elon?,What does 42 mean to Elon Musk?,"Elon appears in Judges 12:11–12. He was a member of the Tribe of Zebulun who served as a judge of Israel for ten years. He was preceded by Ibzan and succeeded by Abdon. Elon, along with Tola, Yair, Ibzan, and Abdon are only briefly mentioned and may be the names of clans.","https://en.wikipedia.org/wiki/Elon_(Judges)#:~:text=Elon%20appears%20in%20Judges%2012,be%20the%20names%20of%20clans.",Elon (Judges) - Wikipedia
What did Albert Einstein say about God?,What does 42 mean to Elon Musk?,,/search?num=10&newwindow=1&sca_esv=0b6cd31ca70c40ac&cs=0&q=Spinoza%27s+God&sa=X&ved=2ahUKEwj_547pgNSRAxV_Je8CHfdCFCwQxccNegQICBAC,